metric,value
accuracy,0.6133333333333333
auc,0.7264269100017893
